Threads,Schedule,ChunkSize,Time (s),TotalTime
4,dynamic,1,0.479506,14.814781
4,dynamic,1,0.405456,11.666815
4,dynamic,1,0.437166,12.711645
4,dynamic,1,0.564724,14.115857
