Threads,Schedule,ChunkSize,Time (s),TotalTime
4,dynamic,1,0.304678,15.853227
4,dynamic,1,0.534045,13.011113
4,dynamic,1,0.388421,13.171373
4,dynamic,1,0.337400,15.193392
4,dynamic,1,0.300560,14.070395
4,dynamic,1,0.369987,14.814781
4,dynamic,1,0.462115,11.666815
4,dynamic,1,0.472702,12.711645
4,dynamic,1,0.440467,14.115857
