Threads,Schedule,ChunkSize,Time (s),TotalTime
4,dynamic,1,4.352571,15.853227
4,dynamic,1,2.174540,13.011113
4,dynamic,1,1.913098,13.171373
4,dynamic,1,2.780374,15.193392
4,dynamic,1,2.626382,14.070395
4,dynamic,1,2.979416,14.814781
4,dynamic,1,2.133774,11.666815
4,dynamic,1,2.130562,12.711645
4,dynamic,1,2.481023,14.115857
