Threads,Schedule,ChunkSize,Time (s),TotalTime
4,dynamic,1,3.220188,15.853227
4,dynamic,1,2.829102,13.011113
4,dynamic,1,2.937921,13.171373
4,dynamic,1,3.961599,15.193392
4,dynamic,1,3.378690,14.070395
4,dynamic,1,3.389122,14.814781
4,dynamic,1,3.080604,11.666815
4,dynamic,1,3.616345,12.711645
4,dynamic,1,3.882678,14.115857
