Time (s),TotalTime
2.131690,17.689676
2.069101,19.934484
2.138307,20.466492
