Time (s),TotalTime
6.481504,17.689676
7.465781,19.934484
8.112623,20.466492
