Time (s),TotalTime
1.834922,17.689676
2.435641,19.934484
2.225350,20.466492
