Time (s),TotalTime
2.163119,17.689676
2.700770,19.934484
2.718451,20.466492
