Time (s),TotalTime
3.586558,17.689676
3.748060,19.934484
3.464251,20.466492
