Time (s),TotalTime
9.934830,32.733764
9.964688,32.796257
9.991214,32.809398
9.994616,33.007807
9.987810,36.248181
17.852900,48.898565
9.929638,32.731044
9.919659,32.959214
10.011237,39.689369
9.943524,34.805892
17.728415,42.096237
