Time (s),TotalTime
2.581418,32.733764
2.644371,32.796257
2.580453,32.809398
2.585232,33.007807
2.648444,36.248181
2.582091,48.898565
2.598380,32.731044
2.645628,32.959214
2.580893,39.689369
2.581911,34.805892
2.572371,42.096237
