Time (s),TotalTime
9.934830,32.733764
9.964688,32.796257
9.991214,32.809398
9.994616,33.007807
9.987810,36.248181
10.852900,36.898565
9.929638,32.731044
9.919659,32.959214
10.011237,36.689369
9.943524,34.805892
10.728415,35.096237
