Time (s),TotalTime
0.446128,17.689676
0.450870,19.934484
0.614238,20.466492
