Time (s),TotalTime
3.175989,32.733764
3.181536,32.796257
3.191838,32.809398
3.231065,33.007807
3.211466,36.248181
3.183276,36.898565
3.158937,32.731044
3.201367,32.959214
3.191816,36.689369
5.205463,34.805892
4.691466,35.096237
