Time (s),TotalTime
0.726363,32.733764
0.680087,32.796257
0.712235,32.809398
0.712906,33.007807
0.723018,36.248181
0.704283,36.898565
0.702228,32.731044
0.710294,32.959214
0.708573,36.689369
0.710421,34.805892
0.704997,35.096237
