Time (s),TotalTime
0.032798,32.733764
0.015473,32.796257
0.031154,32.809398
0.033163,33.007807
0.032911,36.248181
0.017178,48.898565
0.022272,32.731044
0.030400,32.959214
0.031614,39.689369
0.030752,34.805892
0.020289,42.096237
