Time (s),TotalTime
0.484435,17.689676
0.494639,19.934484
0.579323,20.466492
