Time (s),TotalTime
0.557259,17.689676
0.565921,19.934484
0.609531,20.466492
